id_player,serial,pass_accuracy,pass_attempted,pass_completed,cross_accuracy,cross_attempted,cross_complted,freekicks_taken
ID_582,1,98.0,27,26,0,2,0,0
ID_456,2,97.5,203,197,0,0,0,1
ID_609,3,97.0,32,31,0,0,0,1
ID_518,4,96.8,130,122,0,0,0,0
ID_145,5,95.8,497,474,0,1,0,14
ID_603,6,95.0,61,58,0,1,0,0
ID_597,6,95.0,32,29,0,1,0,1
ID_255,8,94.8,424,402,0,0,0,8
ID_200,9,94.7,429,413,0,2,0,9
ID_78,9,94.7,707,672,0,0,0,10
ID_229,11,94.5,395,373,58,12,7,9
ID_482,11,94.5,199,192,0,0,0,5
ID_449,13,94.4,234,224,0,0,0,5
ID_113,13,94.4,545,523,0,1,0,8
ID_469,15,94.3,146,137,0,1,0,4
ID_69,16,94.2,806,760,0,1,0,13
ID_35,16,94.2,498,467,0,0,0,14
ID_85,18,94.1,674,633,0,0,0,12
ID_436,19,94.0,293,278,50,2,1,7
ID_605,19,94.0,105,99,0,0,0,3
ID_543,19,94.0,39,36,0,0,0,2
ID_604,19,94.0,35,33,0,0,0,0
ID_384,23,93.8,315,298,0,0,0,10
ID_285,24,93.6,280,263,50,2,1,8
ID_557,24,93.6,66,61,0,0,0,2
ID_551,24,93.6,19,17,0,0,0,0
ID_438,27,93.4,97,89,0,0,0,3
ID_129,27,93.4,552,517,50,2,1,7
ID_119,29,93.3,376,352,0,0,0,15
ID_148,29,93.3,363,340,0,1,0,7
ID_233,31,93.2,311,294,0,0,0,6
ID_109,32,93.1,562,519,0,2,0,11
ID_81,32,93.1,607,571,100,2,2,17
ID_281,34,93.0,436,403,0,2,0,14
ID_44,34,93.0,76,69,0,1,0,1
ID_608,34,93.0,73,68,0,0,0,3
ID_306,37,92.8,164,153,0,3,0,1
ID_311,37,92.8,288,269,0,0,0,2
ID_337,37,92.8,350,328,0,2,0,1
ID_219,40,92.7,322,301,0,0,0,4
ID_106,41,92.6,464,431,0,0,0,8
ID_86,42,92.5,509,475,0,0,0,16
ID_223,43,92.3,295,274,0,4,0,4
ID_6,43,92.3,657,606,11,17,2,21
ID_566,43,92.3,93,86,0,2,0,5
ID_268,46,92.2,209,196,0,0,0,4
ID_328,46,92.2,176,162,0,0,0,9
ID_144,48,92.0,543,496,37,8,3,12
ID_386,48,92.0,194,176,0,0,0,6
ID_500,48,92.0,167,153,0,0,0,4
ID_402,48,92.0,158,142,100,1,1,7
ID_618,48,92.0,25,23,0,0,0,3
ID_9,53,91.9,814,752,20,34,7,44
ID_36,54,91.8,553,508,50,2,1,12
ID_562,54,91.8,66,58,0,2,0,0
ID_162,56,91.7,306,282,0,2,0,8
ID_66,57,91.6,462,427,23,17,4,5
ID_89,57,91.6,253,230,0,0,0,7
ID_146,59,91.5,519,477,50,4,2,12
ID_374,59,91.5,221,203,50,4,2,9
ID_512,59,91.5,107,98,0,0,0,1
ID_147,62,91.4,271,246,0,0,0,17
ID_83,62,91.4,451,416,50,4,2,11
ID_284,64,91.3,457,425,0,0,0,7
ID_435,64,91.3,83,75,0,0,0,3
ID_287,66,91.2,177,162,0,0,0,6
ID_486,66,91.2,126,110,50,4,2,2
ID_10,68,91.1,413,376,25,12,3,4
ID_12,69,91.0,304,283,16,6,1,5
ID_74,70,90.9,352,318,0,0,0,8
ID_108,71,90.8,406,367,33,15,5,7
ID_581,71,90.8,27,24,0,1,0,0
ID_31,73,90.7,667,609,0,1,0,10
ID_330,73,90.7,220,202,0,0,0,19
ID_423,73,90.7,180,165,33,3,1,2
ID_548,73,90.7,64,56,0,3,0,2
ID_114,77,90.6,559,506,75,8,6,26
ID_296,78,90.4,254,222,66,3,2,3
ID_90,78,90.4,417,378,10,10,1,5
ID_71,80,90.3,750,681,0,4,0,12
ID_204,80,90.3,359,324,30,23,7,14
ID_377,80,90.3,259,244,0,0,0,7
ID_549,80,90.3,111,99,0,0,0,6
ID_428,80,90.3,93,83,0,0,0,6
ID_17,80,90.3,40,36,0,0,0,0
ID_28,80,90.3,595,549,0,2,0,9
ID_80,87,90.2,676,613,33,12,4,10
ID_305,87,90.2,217,197,0,0,0,10
ID_409,87,90.2,149,134,40,10,4,0
ID_565,87,90.2,72,62,25,4,1,0
ID_176,87,90.2,414,374,0,0,0,11
ID_241,87,90.2,348,313,0,0,0,6
ID_195,87,90.2,346,312,0,1,0,8
ID_158,87,90.2,241,221,0,1,0,10
ID_251,95,90.0,343,311,0,0,0,11
ID_455,95,90.0,143,129,0,0,0,1
ID_379,95,90.0,136,123,0,5,0,0
ID_510,95,90.0,130,117,0,0,0,5
ID_511,95,90.0,99,90,0,0,0,4
ID_448,95,90.0,79,71,66,3,2,0
ID_589,95,90.0,71,68,0,0,0,0
ID_563,95,90.0,71,64,0,1,0,0
ID_595,95,90.0,48,40,0,0,0,2
ID_59,104,89.9,318,277,0,0,0,21
ID_116,104,89.9,428,385,35,14,5,12
ID_4,106,89.8,799,723,25,12,3,26
ID_283,106,89.8,274,245,50,4,2,3
ID_478,106,89.8,142,127,0,11,0,6
ID_523,106,89.8,89,78,0,0,0,4
ID_26,110,89.7,461,415,0,0,0,16
ID_180,110,89.7,346,311,0,2,0,16
ID_299,110,89.7,188,162,8,12,1,6
ID_248,113,89.6,362,331,0,7,0,9
ID_96,114,89.5,688,616,35,48,17,31
ID_33,114,89.5,515,465,0,0,0,16
ID_213,114,89.5,225,202,0,0,0,3
ID_405,114,89.5,160,145,33,6,2,4
ID_408,118,89.4,166,146,0,1,0,0
ID_594,119,89.3,69,61,37,8,3,3
ID_136,119,89.3,434,391,0,0,0,15
ID_413,119,89.3,158,138,29,37,11,10
ID_358,119,89.3,304,274,0,1,0,7
ID_75,123,89.1,351,316,0,3,0,8
ID_8,123,89.1,538,482,25,4,1,6
ID_104,125,89.0,432,387,18,11,2,18
ID_220,125,89.0,382,340,0,0,0,16
ID_178,125,89.0,267,243,20,5,1,0
ID_475,125,89.0,140,119,18,11,2,7
ID_550,125,89.0,20,16,0,2,0,0
ID_387,130,88.8,159,141,50,2,1,5
ID_304,131,88.7,209,190,33,3,1,2
ID_174,131,88.7,213,188,0,0,0,12
ID_426,131,88.7,134,119,0,0,0,4
ID_560,131,88.7,38,32,0,0,0,1
ID_87,135,88.5,369,328,0,0,0,14
ID_509,135,88.5,134,121,0,0,0,2
ID_539,135,88.5,90,77,50,2,1,3
ID_453,135,88.5,90,77,0,0,0,1
ID_134,139,88.4,206,185,12,8,1,1
ID_256,140,88.2,215,192,100,2,2,10
ID_161,140,88.2,289,256,10,10,1,11
ID_70,142,88.0,668,586,20,29,6,11
ID_54,142,88.0,506,457,0,0,0,16
ID_98,142,88.0,491,434,15,19,3,3
ID_207,142,88.0,356,314,23,13,3,4
ID_291,142,88.0,248,220,0,0,0,13
ID_346,142,88.0,245,222,0,0,0,6
ID_406,142,88.0,179,164,21,33,7,12
ID_360,142,88.0,170,150,50,4,2,0
ID_492,142,88.0,104,91,57,7,4,0
ID_49,142,88.0,76,67,0,0,0,2
ID_515,142,88.0,56,49,0,0,0,4
ID_601,142,88.0,33,29,33,3,1,0
ID_38,154,87.9,354,313,0,4,0,5
ID_15,155,87.7,179,158,0,1,0,7
ID_585,155,87.7,47,39,0,0,0,0
ID_124,157,87.6,346,307,100,1,1,8
ID_5,158,87.5,643,563,0,2,0,17
ID_168,158,87.5,175,152,0,0,0,8
ID_568,158,87.5,62,54,0,1,0,0
ID_290,161,87.4,194,169,0,0,0,3
ID_95,161,87.4,386,342,0,9,0,9
ID_221,163,87.3,321,287,44,9,4,17
ID_7,163,87.3,576,503,34,23,8,11
ID_269,165,87.2,267,237,0,1,0,13
ID_271,165,87.2,242,213,0,0,0,10
ID_407,165,87.2,131,111,38,18,7,7
ID_57,165,87.2,491,438,50,2,1,4
ID_231,165,87.2,256,226,32,28,9,3
ID_242,165,87.2,243,214,40,5,2,3
ID_127,165,87.2,204,179,60,5,3,4
ID_253,172,87.0,299,262,0,1,0,9
ID_179,172,87.0,297,262,0,1,0,13
ID_155,172,87.0,240,211,0,0,0,10
ID_355,172,87.0,208,185,0,0,0,4
ID_450,172,87.0,178,156,11,9,1,3
ID_592,172,87.0,111,103,100,1,1,0
ID_536,172,87.0,103,90,0,1,0,2
ID_107,179,86.9,385,338,36,19,7,7
ID_149,179,86.9,325,284,14,7,1,11
ID_206,181,86.8,281,246,28,7,2,4
ID_77,181,86.8,398,346,26,19,5,8
ID_340,181,86.8,310,277,0,0,0,3
ID_462,181,86.8,197,178,0,2,0,6
ID_534,181,86.8,49,40,100,1,1,2
ID_228,186,86.7,278,236,26,15,4,4
ID_545,186,86.7,74,64,50,2,1,1
ID_505,186,86.7,50,44,0,0,0,0
ID_140,189,86.6,397,347,9,11,1,2
ID_102,190,86.5,369,325,0,1,0,18
ID_327,190,86.5,129,110,0,4,0,0
ID_516,190,86.5,69,54,9,11,1,0
ID_313,193,86.4,221,192,0,1,0,7
ID_460,193,86.4,103,82,33,3,1,7
ID_364,195,86.3,196,162,0,2,0,3
ID_185,195,86.3,193,167,20,15,3,8
ID_441,195,86.3,81,70,0,0,0,1
ID_331,195,86.3,123,106,25,4,1,0
ID_150,195,86.3,300,258,38,34,13,10
ID_47,195,86.3,132,118,0,1,0,3
ID_34,201,86.2,602,530,35,17,6,6
ID_171,201,86.2,232,200,0,0,0,5
ID_101,203,86.1,248,210,66,3,2,0
ID_159,204,86.0,293,253,0,1,0,10
ID_332,204,86.0,192,167,33,3,1,9
ID_351,204,86.0,190,163,0,2,0,10
ID_344,204,86.0,184,159,0,4,0,5
ID_480,204,86.0,141,117,60,5,3,2
ID_347,204,86.0,131,113,0,4,0,0
ID_506,204,86.0,123,106,0,0,0,3
ID_58,211,85.9,440,385,0,1,0,14
ID_324,212,85.8,200,170,36,11,4,16
ID_316,212,85.8,170,153,0,3,0,1
ID_342,212,85.8,161,140,0,1,0,2
ID_556,212,85.8,83,72,0,5,0,2
ID_215,212,85.8,268,242,40,10,4,23
ID_393,212,85.8,168,147,0,0,0,8
ID_395,212,85.8,143,123,40,5,2,0
ID_310,219,85.7,202,176,0,4,0,0
ID_41,219,85.7,176,150,0,0,0,0
ID_237,219,85.7,338,307,33,3,1,5
ID_288,219,85.7,262,225,47,34,16,4
ID_226,219,85.7,184,162,0,0,0,4
ID_519,219,85.7,106,92,0,1,0,5
ID_433,219,85.7,86,73,16,6,1,1
ID_250,226,85.6,224,194,0,0,0,4
ID_175,226,85.6,363,316,33,3,1,12
ID_205,228,85.5,272,235,47,21,10,3
ID_529,228,85.5,117,103,0,0,0,1
ID_399,228,85.5,115,99,16,6,1,1
ID_466,228,85.5,109,95,0,8,0,1
ID_282,232,85.4,215,184,0,0,0,5
ID_100,232,85.4,257,220,13,15,2,0
ID_11,232,85.4,395,336,20,15,3,1
ID_243,235,85.3,267,229,45,22,10,5
ID_42,235,85.3,165,141,20,10,2,5
ID_431,235,85.3,101,86,0,0,0,9
ID_352,235,85.3,291,254,40,5,2,12
ID_411,235,85.3,144,126,30,23,7,0
ID_212,240,85.2,306,265,50,8,4,5
ID_216,240,85.2,137,118,0,0,0,2
ID_267,242,85.0,238,202,39,23,9,4
ID_72,242,85.0,208,173,0,0,0,7
ID_181,242,85.0,194,165,0,1,0,14
ID_381,242,85.0,175,150,100,4,4,10
ID_368,242,85.0,167,143,0,0,0,13
ID_18,242,85.0,63,55,33,3,1,1
ID_570,242,85.0,54,46,20,5,1,2
ID_60,249,84.9,482,414,24,49,12,11
ID_277,250,84.8,262,224,50,2,1,5
ID_289,250,84.8,254,218,0,9,0,2
ID_165,250,84.8,145,124,0,0,0,6
ID_254,250,84.8,162,140,0,0,0,4
ID_559,250,84.8,52,42,0,0,0,3
ID_217,255,84.7,174,148,22,9,2,3
ID_372,256,84.6,142,123,0,0,0,6
ID_276,257,84.5,179,149,23,21,5,5
ID_363,257,84.5,90,77,25,12,3,1
ID_137,257,84.5,242,209,0,1,0,9
ID_302,260,84.4,177,150,14,14,2,3
ID_56,261,84.3,657,560,56,37,21,52
ID_76,261,84.3,380,328,0,1,0,14
ID_507,261,84.3,129,111,0,4,0,4
ID_115,264,84.2,329,271,30,42,13,0
ID_249,264,84.2,201,171,22,9,2,6
ID_191,264,84.2,360,307,33,3,1,11
ID_234,264,84.2,259,223,0,5,0,5
ID_164,264,84.2,175,148,0,1,0,9
ID_126,269,84.1,224,192,16,6,1,6
ID_326,270,84.0,301,251,30,30,9,7
ID_121,270,84.0,176,145,0,0,0,8
ID_487,270,84.0,74,65,50,2,1,3
ID_606,270,84.0,68,57,0,1,0,1
ID_580,270,84.0,66,52,0,3,0,1
ID_542,270,84.0,41,35,0,0,0,3
ID_576,270,84.0,35,26,25,4,1,2
ID_514,270,84.0,33,27,0,0,0,1
ID_143,278,83.9,439,368,53,15,8,17
ID_177,278,83.9,268,225,25,27,7,2
ID_153,280,83.8,288,241,100,1,1,7
ID_318,280,83.8,164,132,53,13,7,5
ID_295,280,83.8,99,82,66,3,2,1
ID_380,280,83.8,176,148,13,15,2,1
ID_259,280,83.8,153,128,0,0,0,13
ID_39,280,83.8,341,282,18,11,2,0
ID_203,286,83.7,211,177,0,0,0,11
ID_135,287,83.6,258,220,16,12,2,3
ID_14,287,83.6,239,207,25,12,3,2
ID_246,287,83.6,245,207,0,0,0,12
ID_309,287,83.6,240,198,26,19,5,5
ID_366,291,83.5,249,209,31,19,6,3
ID_497,291,83.5,129,110,100,3,3,1
ID_410,291,83.5,112,96,0,1,0,2
ID_359,291,83.5,149,127,0,4,0,6
ID_182,295,83.4,276,236,0,3,0,3
ID_263,295,83.4,168,141,0,2,0,0
ID_440,297,83.3,216,182,60,10,6,19
ID_590,297,83.3,38,31,0,0,0,2
ID_62,297,83.3,424,360,0,1,0,9
ID_336,297,83.3,231,189,50,10,5,5
ID_112,301,83.2,282,229,28,14,4,3
ID_183,301,83.2,192,159,11,18,2,1
ID_471,301,83.2,83,62,25,4,1,0
ID_3,304,83.1,523,433,20,10,2,4
ID_2,304,83.1,451,377,31,19,6,0
ID_294,306,83.0,225,191,0,0,0,10
ID_210,306,83.0,215,182,7,14,1,8
ID_320,306,83.0,206,176,0,4,0,0
ID_443,306,83.0,191,160,100,1,1,6
ID_354,306,83.0,191,157,66,3,2,2
ID_424,306,83.0,111,93,0,0,0,6
ID_430,306,83.0,94,78,0,0,0,5
ID_538,306,83.0,80,68,20,10,2,5
ID_602,306,83.0,41,34,0,1,0,0
ID_517,306,83.0,35,29,0,0,0,0
ID_446,316,82.8,95,76,0,0,0,1
ID_574,316,82.8,33,26,0,1,0,0
ID_82,318,82.6,397,334,26,41,11,18
ID_194,319,82.5,204,170,0,3,0,1
ID_573,319,82.5,49,42,0,0,0,0
ID_99,321,82.4,148,122,100,3,3,1
ID_427,322,82.3,122,100,0,0,0,2
ID_392,322,82.3,135,110,100,2,2,2
ID_468,322,82.3,121,102,0,6,0,6
ID_490,322,82.3,117,102,0,0,0,1
ID_502,322,82.3,87,71,26,15,4,1
ID_397,327,82.2,143,114,41,31,13,6
ID_167,327,82.2,185,152,0,1,0,12
ID_65,329,82.1,347,290,0,1,0,8
ID_118,330,82.0,352,289,0,4,0,7
ID_123,330,82.0,277,229,32,28,9,2
ID_239,330,82.0,150,124,50,2,1,1
ID_333,330,82.0,129,106,16,6,1,6
ID_467,330,82.0,99,81,23,17,4,2
ID_607,330,82.0,22,18,0,0,0,2
ID_139,336,81.9,322,262,18,27,5,2
ID_163,337,81.8,284,232,0,0,0,22
ID_218,337,81.8,118,96,7,14,1,2
ID_274,337,81.8,217,184,0,8,0,0
ID_211,340,81.7,348,287,28,14,4,20
ID_225,341,81.5,298,245,0,1,0,6
ID_390,341,81.5,183,158,0,4,0,7
ID_235,343,81.3,218,174,40,25,10,8
ID_166,343,81.3,195,162,0,0,0,11
ID_425,343,81.3,161,134,41,12,5,0
ID_369,343,81.3,142,116,0,2,0,4
ID_141,343,81.3,160,131,50,2,1,0
ID_434,343,81.3,153,127,50,4,2,4
ID_260,349,81.2,182,145,0,0,0,21
ID_546,349,81.2,49,38,16,6,1,0
ID_154,349,81.2,206,167,23,17,4,18
ID_300,349,81.2,187,149,16,6,1,4
ID_27,349,81.2,426,346,9,11,1,1
ID_498,354,81.1,152,132,0,1,0,6
ID_131,354,81.1,121,97,0,1,0,0
ID_105,354,81.1,308,252,0,3,0,6
ID_29,354,81.1,628,512,25,63,16,22
ID_73,354,81.1,364,302,30,10,3,11
ID_68,354,81.1,319,257,41,34,14,21
ID_110,354,81.1,287,238,26,23,6,3
ID_252,361,81.0,191,158,0,0,0,9
ID_451,361,81.0,66,51,25,4,1,0
ID_599,361,81.0,31,27,0,1,0,1
ID_615,361,81.0,31,25,0,0,0,2
ID_373,365,80.8,193,163,16,12,2,11
ID_103,365,80.8,162,134,0,0,0,0
ID_97,367,80.7,249,212,10,10,1,1
ID_452,367,80.7,88,71,50,2,1,2
ID_552,367,80.7,66,54,33,6,2,1
ID_37,370,80.5,234,189,0,1,0,0
ID_489,370,80.5,49,41,100,1,1,1
ID_298,372,80.4,204,163,11,9,1,5
ID_415,372,80.4,170,138,20,5,1,6
ID_272,372,80.4,101,84,50,2,1,0
ID_350,372,80.4,77,63,0,1,0,0
ID_192,376,80.3,254,203,37,40,15,8
ID_375,376,80.3,224,199,50,2,1,3
ID_463,376,80.3,135,115,33,6,2,2
ID_273,376,80.3,218,180,33,9,3,16
ID_339,376,80.3,252,229,42,7,3,2
ID_264,381,80.2,163,139,0,0,0,4
ID_32,382,80.0,685,556,29,81,24,28
ID_362,382,80.0,95,77,50,6,3,1
ID_524,382,80.0,77,62,0,5,0,0
ID_541,382,80.0,67,54,0,0,0,0
ID_308,386,79.8,233,190,29,17,5,6
ID_275,386,79.8,226,184,30,23,7,6
ID_297,386,79.8,155,124,0,2,0,1
ID_378,386,79.8,66,50,0,1,0,0
ID_92,386,79.8,291,232,30,13,4,9
ID_198,386,79.8,191,151,42,7,3,1
ID_184,386,79.8,219,168,25,47,12,0
ID_485,386,79.8,105,85,44,9,4,5
ID_230,394,79.7,148,117,21,14,3,11
ID_341,395,79.6,90,73,25,8,2,1
ID_473,395,79.6,71,57,0,1,0,1
ID_527,397,79.5,122,105,20,5,1,2
ID_389,397,79.5,72,58,0,1,0,0
ID_382,397,79.5,61,49,75,4,3,0
ID_334,400,79.4,199,185,0,0,0,5
ID_403,401,79.3,70,53,50,2,1,0
ID_472,401,79.3,68,55,0,1,0,1
ID_240,403,79.2,165,133,21,19,4,1
ID_67,404,79.1,206,163,10,10,1,1
ID_142,405,79.0,314,255,0,2,0,12
ID_30,405,79.0,278,219,30,10,3,1
ID_617,405,79.0,19,15,0,0,0,0
ID_79,408,78.9,366,283,28,25,7,1
ID_132,408,78.9,211,175,0,0,0,10
ID_196,408,78.9,137,108,0,4,0,0
ID_227,411,78.8,164,128,25,20,5,5
ID_348,411,78.8,124,98,0,1,0,1
ID_156,413,78.7,266,210,38,18,7,25
ID_169,413,78.7,216,166,0,0,0,18
ID_335,413,78.7,131,103,0,7,0,0
ID_151,413,78.7,115,87,44,9,4,0
ID_61,417,78.6,165,128,38,13,5,0
ID_247,417,78.6,215,172,31,16,5,7
ID_40,417,78.6,201,165,22,40,9,8
ID_365,420,78.5,184,148,33,9,3,14
ID_376,420,78.5,88,69,0,2,0,0
ID_555,420,78.5,57,44,0,2,0,1
ID_447,423,78.4,110,91,20,5,1,1
ID_329,424,78.3,101,76,0,0,0,1
ID_197,425,78.2,324,250,21,28,6,11
ID_130,426,78.0,297,233,33,12,4,9
ID_454,426,78.0,130,101,57,7,4,8
ID_186,426,78.0,105,83,33,3,1,1
ID_345,426,78.0,100,78,0,1,0,0
ID_613,426,78.0,36,28,0,0,0,1
ID_322,431,77.8,275,214,40,30,12,15
ID_535,431,77.8,92,79,0,9,0,0
ID_13,433,77.6,209,183,38,13,5,3
ID_417,433,77.6,148,124,21,14,3,14
ID_457,433,77.6,71,58,0,3,0,0
ID_266,436,77.5,182,141,28,7,2,1
ID_209,436,77.5,76,59,0,2,0,0
ID_224,438,77.3,271,212,5,18,1,3
ID_338,438,77.3,97,74,0,0,0,9
ID_292,440,77.2,129,101,33,3,1,3
ID_236,440,77.2,124,93,14,14,2,0
ID_398,442,77.0,127,96,45,20,9,13
ID_554,442,77.0,76,68,0,1,0,0
ID_481,442,77.0,76,55,28,7,2,2
ID_508,442,77.0,29,22,0,1,0,0
ID_265,446,76.8,240,186,26,41,11,3
ID_464,447,76.7,108,94,50,2,1,0
ID_280,447,76.7,106,88,0,5,0,0
ID_1,447,76.7,483,365,0,0,0,27
ID_383,450,76.5,131,110,0,0,0,2
ID_526,450,76.5,54,40,50,2,1,0
ID_312,452,76.3,137,107,33,6,2,2
ID_553,452,76.3,69,57,16,6,1,1
ID_385,452,76.3,120,91,25,8,2,6
ID_391,455,76.2,82,63,50,6,3,2
ID_93,456,76.1,239,181,27,18,5,4
ID_323,456,76.1,171,133,28,14,4,0
ID_94,456,76.1,187,145,37,8,3,2
ID_286,459,76.0,165,127,0,3,0,8
ID_170,459,76.0,158,120,0,0,0,11
ID_138,461,75.8,293,228,29,17,5,19
ID_533,461,75.8,94,75,0,3,0,2
ID_117,463,75.7,303,231,43,44,19,8
ID_321,464,75.6,171,146,33,3,1,7
ID_439,464,75.6,48,36,0,3,0,0
ID_43,466,75.4,200,173,0,1,0,2
ID_579,466,75.4,57,50,0,3,0,0
ID_491,468,75.3,86,68,0,0,0,2
ID_349,468,75.3,126,95,11,9,1,7
ID_504,468,75.3,123,103,18,11,2,0
ID_530,468,75.3,61,47,25,4,1,1
ID_367,472,75.0,96,74,25,4,1,1
ID_307,472,75.0,92,69,0,0,0,0
ID_343,472,75.0,92,66,33,3,1,3
ID_612,472,75.0,28,21,0,0,0,2
ID_445,476,74.8,84,66,50,2,1,0
ID_133,476,74.8,139,105,0,3,0,0
ID_476,476,74.8,52,39,100,1,1,1
ID_46,479,74.7,47,35,0,3,0,0
ID_317,479,74.7,204,154,30,20,6,3
ID_122,481,74.6,164,121,0,0,0,9
ID_571,482,74.3,30,25,0,0,0,0
ID_483,482,74.3,100,78,33,3,1,1
ID_494,484,74.0,76,58,20,5,1,4
ID_616,484,74.0,31,23,0,0,0,2
ID_63,486,73.8,345,247,0,0,0,52
ID_315,487,73.7,152,112,25,8,2,3
ID_578,487,73.7,57,47,0,7,0,1
ID_314,489,73.6,231,194,20,10,2,0
ID_401,489,73.6,97,75,0,0,0,1
ID_232,489,73.6,195,168,0,0,0,5
ID_404,492,73.5,57,42,27,11,3,0
ID_88,493,73.4,220,156,0,0,0,25
ID_157,494,73.3,159,117,42,21,9,4
ID_474,494,73.3,95,70,20,5,1,2
ID_319,496,73.2,88,66,0,2,0,0
ID_208,497,73.0,157,116,30,13,4,2
ID_48,497,73.0,100,76,42,7,3,1
ID_432,497,73.0,85,59,0,0,0,5
ID_569,497,73.0,57,41,20,10,2,0
ID_152,501,72.9,157,116,0,6,0,1
ID_412,502,72.8,105,82,12,8,1,5
ID_222,503,72.7,196,144,13,15,2,10
ID_16,504,72.6,89,75,25,4,1,1
ID_278,505,72.4,180,132,26,30,8,10
ID_459,505,72.4,114,86,60,5,3,4
ID_591,505,72.4,27,24,0,0,0,0
ID_540,508,72.3,37,31,0,0,0,0
ID_420,509,72.2,67,48,50,2,1,4
ID_429,510,72.0,114,83,0,0,0,11
ID_245,511,71.5,259,229,0,0,0,7
ID_202,511,71.5,140,98,53,13,7,4
ID_301,511,71.5,88,66,0,1,0,0
ID_584,511,71.5,23,17,0,1,0,0
ID_257,515,71.4,182,129,0,0,0,10
ID_189,516,71.3,214,152,4,24,1,8
ID_261,517,71.0,200,142,0,0,0,18
ID_528,518,70.7,95,65,50,4,2,2
ID_495,519,70.5,76,61,0,0,0,1
ID_544,519,70.5,57,44,25,4,1,3
ID_586,519,70.5,56,43,0,0,0,0
ID_513,519,70.5,37,26,0,0,0,2
ID_190,523,70.3,200,144,27,11,3,10
ID_325,523,70.3,124,87,10,10,1,3
ID_214,523,70.3,108,75,0,1,0,0
ID_258,526,70.2,145,101,0,0,0,7
ID_120,526,70.2,233,166,0,0,0,34
ID_244,528,70.0,197,149,56,16,9,4
ID_238,528,70.0,130,92,20,5,1,0
ID_201,528,70.0,103,71,0,1,0,0
ID_458,528,70.0,76,53,0,9,0,2
ID_421,532,69.7,98,69,11,9,1,3
ID_442,533,69.6,154,135,28,7,2,4
ID_558,534,69.4,42,35,20,5,1,1
ID_262,535,69.2,154,106,0,0,0,10
ID_111,536,69.0,258,190,20,25,5,9
ID_357,536,69.0,161,113,14,14,2,3
ID_479,538,68.8,79,57,50,6,3,2
ID_532,538,68.8,58,40,28,7,2,2
ID_293,540,68.7,144,99,11,9,1,2
ID_361,541,68.3,64,51,0,0,0,0
ID_55,542,68.2,489,332,0,0,0,53
ID_501,543,68.0,55,37,50,2,1,4
ID_596,544,67.7,28,21,0,2,0,0
ID_461,545,67.3,58,40,100,1,1,1
ID_418,545,67.3,86,67,60,5,3,6
ID_400,547,67.2,110,77,7,14,1,0
ID_353,548,67.0,84,57,0,3,0,2
ID_91,549,66.9,277,187,0,16,0,5
ID_199,549,66.9,194,153,21,14,3,4
ID_187,551,66.6,130,91,16,12,2,9
ID_414,551,66.6,112,78,25,8,2,4
ID_521,553,66.3,72,48,0,8,0,0
ID_193,554,66.2,163,110,16,6,1,2
ID_614,555,66.0,38,25,0,0,0,1
ID_416,556,65.8,61,39,0,0,0,0
ID_84,556,65.8,282,191,0,12,0,1
ID_303,558,65.6,139,107,28,7,2,1
ID_394,558,65.6,80,55,20,5,1,1
ID_160,560,65.5,136,92,18,11,2,4
ID_188,561,65.4,207,135,8,25,2,6
ID_522,562,65.2,66,50,25,8,2,0
ID_437,563,65.0,74,56,0,1,0,0
ID_561,563,65.0,59,48,0,5,0,2
ID_173,565,64.8,269,173,0,0,0,33
ID_371,565,64.8,141,96,31,16,5,4
ID_270,567,64.2,162,104,28,7,2,0
ID_370,567,64.2,83,54,62,8,5,1
ID_583,569,64.0,22,14,0,0,0,0
ID_499,570,63.0,61,44,66,3,2,0
ID_567,571,62.5,40,29,0,1,0,0
ID_419,572,62.3,50,37,0,2,0,1
ID_496,573,62.0,57,41,20,5,1,1
ID_611,573,62.0,40,25,0,0,0,0
ID_572,573,62.0,21,13,0,2,0,0
ID_279,576,61.4,195,151,15,19,3,0
ID_470,577,61.3,66,48,0,0,0,4
ID_520,577,61.3,47,31,0,1,0,1
ID_537,579,61.0,61,43,16,6,1,5
ID_564,580,60.5,53,36,0,1,0,1
ID_465,581,60.4,59,32,0,1,0,0
ID_477,582,60.1,72,49,11,9,1,1
ID_503,583,60.0,86,77,0,0,0,4
ID_422,584,58.8,46,29,50,2,1,0
ID_484,585,57.8,135,106,25,12,3,4
ID_45,586,57.5,157,116,22,9,2,7
ID_588,586,57.5,19,9,0,0,0,0
ID_525,588,57.2,44,29,0,0,0,0
ID_593,589,57.0,55,47,0,2,0,4
ID_531,590,56.8,27,20,33,3,1,0
ID_125,591,56.4,117,67,22,18,4,2
ID_64,592,55.7,283,158,0,0,0,31
ID_444,593,54.4,46,35,0,0,0,1
ID_577,594,54.0,47,38,0,0,0,2
ID_610,594,54.0,28,15,0,0,0,3
ID_396,596,53.6,56,38,50,2,1,0
ID_128,597,53.1,90,49,28,7,2,1
ID_388,598,53.0,98,52,0,0,0,13
ID_488,599,52.7,37,22,0,1,0,0
ID_356,600,51.0,80,51,0,4,0,0
ID_172,601,50.7,165,85,0,0,0,24
ID_547,602,46.8,43,27,0,1,0,0
ID_493,603,46.7,50,27,0,1,0,0
ID_50,604,44.5,37,33,0,0,0,1
ID_600,605,44.0,9,7,0,0,0,1
ID_575,606,42.6,23,13,0,2,0,0
ID_587,607,36.5,22,16,0,0,0,0
ID_598,608,35.7,26,18,0,0,0,0
